,x
1,Down
2,Up
3,UP
5,Up
6,Up
7,UP
8,Down
9,Up
10,Up
11,UP
12,UP
13,Down
14,Up
15,Up
16,Down
17,UP
18,Down
19,Up
20,Up
21,Up
22,UP
23,Up
24,Down
26,Down
28,Up
30,Down
32,Down
33,Up
34,Up
35,Down
36,Down
37,Down
38,Down
39,Up
40,Down
41,Up
42,Up
43,Down
44,Down
45,Down
47,Up
48,Up
50,Down
51,Down
52,Up
53,Down
54,Up
55,Down
56,UP
57,UP
58,Up
59,Up
60,UP
62,Down
63,UP
65,Down
66,Down
67,UP
68,Down
69,Down
70,UP
71,Up
73,Up
74,Down
75,Down
76,Up
77,Down
78,Down
79,Down
80,Up
82,Up
83,Down
84,Up
85,Down
86,Down
87,Down
88,Up
89,Up
90,Up
92,Down
93,Down
94,UP
95,Down
96,Up
97,Up
98,Down
99,Up
100,Down
101,UP
102,Up
104,UP
105,Down
106,Down
107,Down
108,Down
109,Down
110,Down
111,Down
112,Down
113,Up
114,Down
115,Down
117,Up
118,Down
119,UP
120,Up
121,Down
123,Down
124,Up
126,UP
127,Down
128,Down
129,Up
130,Up
131,Down
132,Down
133,Up
134,Up
135,Up
138,Up
139,Up
140,Up
141,Down
142,Up
143,Down
144,UP
145,Down
146,UP
147,Down
148,UP
149,Up
150,Down
151,Up
152,Up
153,UP
155,Down
156,Down
157,Up
159,Up
160,UP
161,Down
162,Down
163,Down
164,UP
165,Down
166,Down
167,Up
168,Up
169,Up
170,UP
173,Up
174,Down
175,Up
176,Down
177,UP
178,Down
179,Up
180,Up
181,Up
182,Up
184,Down
185,UP
186,Up
